grad_step,syncs,since_sync,flip_vs_prev,flip_vs_ref,recent100
100,0,100,0.029296875,0.029296875,44.888888888888886
200,0,200,0.021484375,0.03515625,44.888888888888886
300,0,300,0.044921875,0.060546875,44.888888888888886
400,0,400,0.01953125,0.072265625,44.888888888888886
500,0,500,0.041015625,0.0625,44.888888888888886
600,0,600,0.03125,0.078125,44.888888888888886
700,0,700,0.013671875,0.080078125,53.21052631578947
800,0,800,0.12890625,0.111328125,53.21052631578947
900,0,900,0.115234375,0.06640625,53.21052631578947
1000,1,0,0.0078125,0.06640625,53.21052631578947
1100,1,100,0.02734375,0.0859375,53.21052631578947
1200,1,200,0.095703125,0.146484375,53.21052631578947
1300,1,300,0.09375,0.087890625,53.21052631578947
1400,1,400,0.142578125,0.12890625,53.21052631578947
1500,1,500,0.109375,0.07421875,53.21052631578947
1600,1,600,0.01953125,0.07421875,53.21052631578947
1700,1,700,0.078125,0.1484375,53.21052631578947
1800,1,800,0.09765625,0.0859375,53.21052631578947
1900,1,900,0.029296875,0.080078125,53.21052631578947
2000,2,0,0.029296875,0.0859375,53.21052631578947
2100,2,100,0.13671875,0.1328125,53.21052631578947
2200,2,200,0.0390625,0.1328125,53.21052631578947
2300,2,300,0.048828125,0.130859375,53.21052631578947
2400,2,400,0.04296875,0.142578125,61.4
2500,2,500,0.11328125,0.083984375,61.4
2600,2,600,0.1328125,0.146484375,59.42857142857143
2700,2,700,0.005859375,0.14453125,59.42857142857143
2800,2,800,0.0234375,0.13671875,58.04545454545455
2900,2,900,0.013671875,0.146484375,53.833333333333336
3000,3,0,0.029296875,0.13671875,51.8
3100,3,100,0.013671875,0.138671875,51.8
3200,3,200,0.009765625,0.140625,51.8
3300,3,300,0.04296875,0.12109375,51.8
3400,3,400,0.1328125,0.08203125,51.8
3500,3,500,0.115234375,0.119140625,51.8
3600,3,600,0.015625,0.130859375,51.8
3700,3,700,0.01171875,0.119140625,51.8
3800,3,800,0.119140625,0.06640625,51.8
3900,3,900,0.025390625,0.064453125,51.8
4000,4,0,0.015625,0.068359375,51.8
4100,4,100,0.095703125,0.1328125,51.8
4200,4,200,0.015625,0.12109375,51.8
4300,4,300,0.025390625,0.126953125,51.8
4400,4,400,0.0078125,0.126953125,51.8
4500,4,500,0.013671875,0.1171875,51.8
4600,4,600,0.009765625,0.119140625,51.8
4700,4,700,0.01171875,0.115234375,51.8
4800,4,800,0.017578125,0.12109375,51.8
4900,4,900,0.0390625,0.14453125,51.8
5000,5,0,0.0234375,0.12109375,51.8
5100,5,100,0.04296875,0.12109375,51.8
5200,5,200,0.087890625,0.056640625,51.8
5300,5,300,0.0234375,0.064453125,51.8
5400,5,400,0.10546875,0.123046875,51.8
5500,5,500,0.08984375,0.064453125,51.8
5600,5,600,0.017578125,0.0625,51.8
5700,5,700,0.0859375,0.125,51.8
5800,5,800,0.099609375,0.056640625,63.76923076923077
5900,5,900,0.103515625,0.12890625,63.76923076923077
6000,6,0,0.1171875,0.07421875,63.76923076923077
6100,6,100,0.103515625,0.134765625,63.76923076923077
6200,6,200,0.0234375,0.130859375,63.76923076923077
6300,6,300,0.005859375,0.13671875,63.55555555555556
6400,6,400,0.10546875,0.08203125,59.3448275862069
6500,6,500,0.0234375,0.08203125,58.0
6600,6,600,0.025390625,0.087890625,58.0
6700,6,700,0.0234375,0.080078125,58.0
6800,6,800,0.107421875,0.140625,58.0
6900,6,900,0.013671875,0.138671875,58.0
7000,7,0,0.087890625,0.078125,58.0
7100,7,100,0.095703125,0.146484375,58.54838709677419
7200,7,200,0.03125,0.134765625,58.54838709677419
7300,7,300,0.0078125,0.134765625,58.54838709677419
7400,7,400,0.0078125,0.130859375,58.54838709677419
7500,7,500,0.017578125,0.13671875,58.21875
7600,7,600,0.0390625,0.1328125,58.21875
7700,7,700,0.021484375,0.130859375,56.93939393939394
7800,7,800,0.017578125,0.13671875,55.85294117647059
7900,7,900,0.029296875,0.138671875,55.85294117647059
8000,8,0,0.017578125,0.1328125,55.85294117647059
8100,8,100,0.111328125,0.068359375,55.85294117647059
8200,8,200,0.025390625,0.0703125,55.42857142857143
8300,8,300,0.033203125,0.064453125,55.42857142857143
8400,8,400,0.013671875,0.07421875,55.42857142857143
8500,8,500,0.021484375,0.068359375,55.42857142857143
8600,8,600,0.01171875,0.068359375,55.30555555555556
8700,8,700,0.013671875,0.0625,55.30555555555556
8800,8,800,0.013671875,0.064453125,54.729729729729726
8900,8,900,0.009765625,0.06640625,54.729729729729726
9000,9,0,0.025390625,0.060546875,54.729729729729726
9100,9,100,0.017578125,0.0546875,54.729729729729726
9200,9,200,0.01171875,0.05859375,54.729729729729726
9300,9,300,0.015625,0.06640625,54.729729729729726
9400,9,400,0.0234375,0.06640625,54.729729729729726
9500,9,500,0.01953125,0.0625,54.729729729729726
9600,9,600,0.017578125,0.064453125,54.729729729729726
9700,9,700,0.0234375,0.064453125,55.921052631578945
9800,9,800,0.017578125,0.0625,55.921052631578945
9900,9,900,0.01171875,0.0703125,55.921052631578945
10000,10,0,0.009765625,0.064453125,55.921052631578945
10100,10,100,0.015625,0.060546875,55.921052631578945
10200,10,200,0.087890625,0.12890625,55.921052631578945
10300,10,300,0.08984375,0.06640625,56.46153846153846
10400,10,400,0.021484375,0.060546875,56.46153846153846
10500,10,500,0.015625,0.072265625,56.46153846153846
10600,10,600,0.029296875,0.05859375,54.73170731707317
10700,10,700,0.025390625,0.068359375,54.73170731707317
10800,10,800,0.041015625,0.06640625,54.73170731707317
10900,10,900,0.017578125,0.072265625,54.73170731707317
11000,11,0,0.017578125,0.078125,54.73170731707317
11100,11,100,0.037109375,0.060546875,54.73170731707317
11200,11,200,0.076171875,0.12890625,54.73170731707317
11300,11,300,0.078125,0.0625,54.73170731707317
11400,11,400,0.009765625,0.064453125,54.73170731707317
11500,11,500,0.01171875,0.060546875,54.73170731707317
11600,11,600,0.017578125,0.06640625,54.73170731707317
11700,11,700,0.03515625,0.05859375,56.595238095238095
11800,11,800,0.029296875,0.060546875,55.674418604651166
11900,11,900,0.017578125,0.06640625,55.674418604651166
12000,12,0,0.013671875,0.060546875,55.674418604651166
12100,12,100,0.001953125,0.05859375,55.674418604651166
12200,12,200,0.037109375,0.072265625,55.674418604651166
12300,12,300,0.03515625,0.064453125,55.674418604651166
12400,12,400,0.005859375,0.06640625,55.674418604651166
12500,12,500,0.013671875,0.068359375,55.674418604651166
12600,12,600,0.01171875,0.072265625,55.674418604651166
12700,12,700,0.025390625,0.06640625,57.0
12800,12,800,0.015625,0.0625,55.93333333333333
12900,12,900,0.0078125,0.0625,55.93333333333333
13000,13,0,0.013671875,0.072265625,55.08695652173913
13100,13,100,0.009765625,0.07421875,55.08695652173913
13200,13,200,0.03125,0.06640625,55.08695652173913
13300,13,300,0.01171875,0.0703125,55.08695652173913
13400,13,400,0.015625,0.07421875,55.08695652173913
13500,13,500,0.01953125,0.0703125,55.08695652173913
13600,13,600,0.015625,0.06640625,55.08695652173913
13700,13,700,0.009765625,0.072265625,55.08695652173913
13800,13,800,0.01171875,0.068359375,55.08695652173913
13900,13,900,0.013671875,0.07421875,55.08695652173913
14000,14,0,0.0078125,0.07421875,55.08695652173913
14100,14,100,0.013671875,0.064453125,55.08695652173913
14200,14,200,0.0078125,0.064453125,55.08695652173913
14300,14,300,0.013671875,0.0703125,55.08695652173913
14400,14,400,0.0078125,0.0703125,55.08695652173913
14500,14,500,0.017578125,0.068359375,55.08695652173913
14600,14,600,0.037109375,0.08203125,55.08695652173913
14700,14,700,0.037109375,0.072265625,55.08695652173913
14800,14,800,0.0078125,0.068359375,58.8936170212766
14900,14,900,0.0234375,0.072265625,58.8936170212766
15000,15,0,0.02734375,0.064453125,58.229166666666664
15100,15,100,0.017578125,0.0703125,58.229166666666664
15200,15,200,0.02734375,0.0703125,58.229166666666664
15300,15,300,0.00390625,0.0703125,58.229166666666664
15400,15,400,0.017578125,0.072265625,57.93877551020408
15500,15,500,0.015625,0.072265625,57.93877551020408
15600,15,600,0.021484375,0.06640625,57.24
15700,15,700,0.013671875,0.076171875,57.24
15800,15,800,0.017578125,0.0703125,57.24
15900,15,900,0.017578125,0.060546875,57.24
16000,16,0,0.01171875,0.068359375,57.24
16100,16,100,0.0234375,0.068359375,57.24
16200,16,200,0.09765625,0.134765625,57.24
16300,16,300,0.078125,0.076171875,57.24
16400,16,400,0.015625,0.064453125,57.24
16500,16,500,0.076171875,0.1328125,58.294117647058826
16600,16,600,0.03125,0.13671875,57.40384615384615
16700,16,700,0.025390625,0.130859375,57.40384615384615
16800,16,800,0.00390625,0.130859375,57.40384615384615
16900,16,900,0.017578125,0.12890625,57.20754716981132
17000,17,0,0.009765625,0.130859375,57.20754716981132
17100,17,100,0.087890625,0.06640625,57.20754716981132
17200,17,200,0.015625,0.06640625,57.20754716981132
17300,17,300,0.009765625,0.064453125,57.20754716981132
17400,17,400,0.0390625,0.068359375,57.20754716981132
17500,17,500,0.029296875,0.0703125,57.20754716981132
17600,17,600,0.017578125,0.072265625,57.20754716981132
17700,17,700,0.017578125,0.0625,57.20754716981132
17800,17,800,0.015625,0.06640625,57.20754716981132
17900,17,900,0.01953125,0.0625,57.20754716981132
18000,18,0,0.021484375,0.068359375,57.20754716981132
18100,18,100,0.017578125,0.06640625,57.20754716981132
18200,18,200,0.02734375,0.0703125,59.148148148148145
18300,18,300,0.03515625,0.0703125,59.148148148148145
18400,18,400,0.013671875,0.072265625,57.42857142857143
18500,18,500,0.041015625,0.0703125,57.42857142857143
18600,18,600,0.02734375,0.0625,57.42857142857143
18700,18,700,0.015625,0.0625,57.42857142857143
18800,18,800,0.013671875,0.064453125,56.36206896551724
18900,18,900,0.021484375,0.07421875,56.36206896551724
19000,19,0,0.02734375,0.0625,56.36206896551724
19100,19,100,0.021484375,0.072265625,56.36206896551724
19200,19,200,0.021484375,0.0703125,56.16949152542373
19300,19,300,0.03125,0.0625,56.16949152542373
19400,19,400,0.013671875,0.064453125,56.16949152542373
19500,19,500,0.01171875,0.056640625,56.16949152542373
19600,19,600,0.015625,0.068359375,56.16949152542373
19700,19,700,0.01171875,0.060546875,56.31666666666667
19800,19,800,0.033203125,0.0625,56.31666666666667
19900,19,900,0.03125,0.06640625,56.31666666666667
20000,20,0,0.009765625,0.076171875,56.31666666666667
20100,20,100,0.015625,0.068359375,56.21311475409836
20200,20,200,0.01171875,0.076171875,56.21311475409836
20300,20,300,0.015625,0.080078125,56.21311475409836
20400,20,400,0.01171875,0.076171875,55.91935483870968
20500,20,500,0.017578125,0.078125,54.3125
20600,20,600,0.013671875,0.080078125,54.3125
20700,20,700,0.009765625,0.0703125,54.3125
20800,20,800,0.005859375,0.068359375,54.3125
20900,20,900,0.009765625,0.07421875,54.13846153846154
21000,21,0,0.005859375,0.076171875,54.13846153846154
21100,21,100,0.029296875,0.06640625,54.13846153846154
21200,21,200,0.0234375,0.0703125,54.13846153846154
21300,21,300,0.01953125,0.0625,54.13846153846154
21400,21,400,0.01953125,0.0703125,54.13846153846154
21500,21,500,0.021484375,0.076171875,54.13846153846154
21600,21,600,0.0234375,0.060546875,54.13846153846154
21700,21,700,0.01171875,0.060546875,54.13846153846154
21800,21,800,0.087890625,0.1328125,54.13846153846154
21900,21,900,0.099609375,0.064453125,55.303030303030305
22000,22,0,0.029296875,0.0703125,55.303030303030305
22100,22,100,0.0234375,0.0546875,55.303030303030305
22200,22,200,0.013671875,0.056640625,54.91044776119403
22300,22,300,0.015625,0.060546875,54.91044776119403
22400,22,400,0.013671875,0.05859375,54.91044776119403
22500,22,500,0.0859375,0.12890625,54.64705882352941
22600,22,600,0.02734375,0.12890625,54.64705882352941
22700,22,700,0.015625,0.1328125,54.34782608695652
22800,22,800,0.017578125,0.134765625,53.0
22900,22,900,0.02734375,0.126953125,52.31944444444444
23000,23,0,0.021484375,0.1328125,51.067567567567565
23100,23,100,0.01171875,0.125,51.067567567567565
23200,23,200,0.015625,0.125,50.77333333333333
23300,23,300,0.021484375,0.138671875,50.77333333333333
23400,23,400,0.015625,0.130859375,50.77333333333333
23500,23,500,0.083984375,0.06640625,50.77333333333333
23600,23,600,0.017578125,0.060546875,50.09090909090909
23700,23,700,0.095703125,0.13671875,50.09090909090909
23800,23,800,0.08984375,0.06640625,49.69230769230769
23900,23,900,0.0234375,0.0625,49.69230769230769
24000,24,0,0.111328125,0.134765625,49.69230769230769
24100,24,100,0.091796875,0.07421875,49.53164556962025
24200,24,200,0.02734375,0.0703125,49.0
24300,24,300,0.015625,0.0625,49.0
24400,24,400,0.013671875,0.068359375,49.0
24500,24,500,0.03515625,0.076171875,49.0
24600,24,600,0.03125,0.072265625,49.0
24700,24,700,0.025390625,0.078125,49.22222222222222
24800,24,800,0.021484375,0.076171875,49.22222222222222
24900,24,900,0.015625,0.072265625,49.22222222222222
25000,25,0,0.013671875,0.0703125,49.109756097560975
25100,25,100,0.017578125,0.064453125,49.109756097560975
25200,25,200,0.01171875,0.068359375,48.8433734939759
25300,25,300,0.009765625,0.06640625,48.8433734939759
25400,25,400,0.0234375,0.06640625,48.8433734939759
25500,25,500,0.01171875,0.0703125,48.8433734939759
25600,25,600,0.029296875,0.060546875,48.8433734939759
25700,25,700,0.017578125,0.0625,48.8433734939759
25800,25,800,0.037109375,0.076171875,48.8433734939759
25900,25,900,0.025390625,0.06640625,48.13953488372093
26000,26,0,0.01953125,0.06640625,48.13953488372093
26100,26,100,0.01953125,0.06640625,48.13953488372093
26200,26,200,0.099609375,0.138671875,48.13953488372093
26300,26,300,0.09375,0.068359375,48.13953488372093
26400,26,400,0.03125,0.076171875,48.13953488372093
26500,26,500,0.03125,0.076171875,48.13953488372093
26600,26,600,0.017578125,0.078125,48.13953488372093
26700,26,700,0.005859375,0.076171875,48.13953488372093
26800,26,800,0.015625,0.080078125,48.13953488372093
26900,26,900,0.009765625,0.08203125,49.01149425287356
27000,27,0,0.080078125,0.146484375,49.01149425287356
27100,27,100,0.09765625,0.072265625,49.01149425287356
27200,27,200,0.078125,0.142578125,49.01149425287356
27300,27,300,0.083984375,0.08203125,49.01149425287356
27400,27,400,0.08203125,0.14453125,49.01149425287356
27500,27,500,0.025390625,0.150390625,49.01149425287356
27600,27,600,0.01953125,0.146484375,49.01149425287356
27700,27,700,0.017578125,0.15234375,49.01149425287356
27800,27,800,0.08984375,0.08203125,49.01149425287356
27900,27,900,0.087890625,0.142578125,49.01149425287356
28000,28,0,0.021484375,0.15234375,49.01149425287356
28100,28,100,0.021484375,0.158203125,49.01149425287356
28200,28,200,0.021484375,0.1484375,49.01149425287356
28300,28,300,0.099609375,0.080078125,49.01149425287356
28400,28,400,0.083984375,0.1484375,49.01149425287356
28500,28,500,0.009765625,0.142578125,49.01149425287356
28600,28,600,0.072265625,0.07421875,49.01149425287356
28700,28,700,0.013671875,0.080078125,49.01149425287356
28800,28,800,0.09765625,0.150390625,49.01149425287356
28900,28,900,0.076171875,0.08203125,49.01149425287356
29000,29,0,0.015625,0.078125,49.01149425287356
29100,29,100,0.078125,0.14453125,49.01149425287356
29200,29,200,0.01953125,0.140625,51.77272727272727
29300,29,300,0.029296875,0.150390625,51.77272727272727
29400,29,400,0.091796875,0.0703125,51.77272727272727
29500,29,500,0.015625,0.0703125,51.77272727272727
29600,29,600,0.025390625,0.083984375,51.71910112359551
29700,29,700,0.01953125,0.076171875,51.32222222222222
29800,29,800,0.01953125,0.072265625,50.857142857142854
29900,29,900,0.009765625,0.0703125,50.857142857142854
30000,30,0,0.03125,0.0859375,50.54347826086956
30100,30,100,0.087890625,0.154296875,50.54347826086956
30200,30,200,0.015625,0.146484375,50.54347826086956
30300,30,300,0.01953125,0.150390625,50.54347826086956
30400,30,400,0.021484375,0.15625,50.54347826086956
30500,30,500,0.017578125,0.142578125,50.54347826086956
30600,30,600,0.08203125,0.080078125,50.83870967741935
30700,30,700,0.005859375,0.08203125,50.83870967741935
30800,30,800,0.09765625,0.1484375,50.83870967741935
30900,30,900,0.017578125,0.134765625,50.83870967741935
31000,31,0,0.013671875,0.13671875,50.83870967741935
31100,31,100,0.015625,0.14453125,50.83870967741935
31200,31,200,0.076171875,0.080078125,51.01063829787234
31300,31,300,0.083984375,0.14453125,51.01063829787234
31400,31,400,0.01953125,0.1484375,51.01063829787234
31500,31,500,0.021484375,0.130859375,51.01063829787234
31600,31,600,0.0078125,0.134765625,51.01063829787234
31700,31,700,0.068359375,0.0703125,51.01063829787234
31800,31,800,0.021484375,0.068359375,51.01063829787234
31900,31,900,0.083984375,0.1328125,51.01063829787234
32000,32,0,0.01953125,0.14453125,51.01063829787234
32100,32,100,0.07421875,0.078125,51.01063829787234
32200,32,200,0.015625,0.078125,51.01063829787234
32300,32,300,0.017578125,0.072265625,51.01063829787234
32400,32,400,0.017578125,0.0703125,51.01063829787234
32500,32,500,0.013671875,0.076171875,52.28421052631579
32600,32,600,0.001953125,0.07421875,52.28421052631579
32700,32,700,0.083984375,0.142578125,52.28421052631579
32800,32,800,0.09765625,0.080078125,52.03125
32900,32,900,0.03125,0.083984375,52.03125
33000,33,0,0.029296875,0.08203125,52.03125
33100,33,100,0.033203125,0.072265625,51.896907216494846
33200,33,200,0.04296875,0.072265625,51.896907216494846
33300,33,300,0.03515625,0.068359375,51.896907216494846
33400,33,400,0.01953125,0.068359375,51.755102040816325
33500,33,500,0.0234375,0.076171875,51.755102040816325
33600,33,600,0.025390625,0.0625,51.755102040816325
33700,33,700,0.05078125,0.0703125,51.755102040816325
33800,33,800,0.029296875,0.068359375,51.755102040816325
33900,33,900,0.017578125,0.0703125,51.83838383838384
34000,34,0,0.017578125,0.076171875,51.83838383838384
34100,34,100,0.01171875,0.076171875,51.58
34200,34,200,0.015625,0.072265625,51.58
34300,34,300,0.025390625,0.078125,51.58
34400,34,400,0.029296875,0.076171875,51.58
34500,34,500,0.01953125,0.068359375,51.56
34600,34,600,0.0234375,0.072265625,51.56
34700,34,700,0.015625,0.076171875,51.56
34800,34,800,0.0390625,0.083984375,51.56
34900,34,900,0.072265625,0.1484375,52.01
35000,35,0,0.08203125,0.078125,52.01
35100,35,100,0.02734375,0.0703125,52.01
35200,35,200,0.017578125,0.068359375,52.01
35300,35,300,0.03125,0.080078125,52.01
35400,35,400,0.0390625,0.072265625,52.01
35500,35,500,0.02734375,0.068359375,52.01
35600,35,600,0.0234375,0.064453125,52.01
35700,35,700,0.0234375,0.068359375,52.01
35800,35,800,0.01953125,0.068359375,52.83
35900,35,900,0.021484375,0.0703125,52.83
36000,36,0,0.015625,0.05859375,52.29
36100,36,100,0.01953125,0.06640625,52.29
36200,36,200,0.08984375,0.14453125,52.29
36300,36,300,0.0859375,0.07421875,52.29
36400,36,400,0.01171875,0.078125,52.29
36500,36,500,0.029296875,0.064453125,52.29
36600,36,600,0.04296875,0.076171875,52.29
36700,36,700,0.03125,0.072265625,52.29
36800,36,800,0.01171875,0.080078125,52.29
36900,36,900,0.025390625,0.07421875,53.24
37000,37,0,0.03515625,0.07421875,53.11
37100,37,100,0.03125,0.07421875,52.42
37200,37,200,0.009765625,0.072265625,52.42
37300,37,300,0.037109375,0.08984375,52.42
37400,37,400,0.056640625,0.072265625,51.53
37500,37,500,0.009765625,0.07421875,51.53
37600,37,600,0.03125,0.078125,51.75
37700,37,700,0.009765625,0.080078125,51.75
37800,37,800,0.021484375,0.08984375,51.75
37900,37,900,0.0390625,0.0703125,51.75
38000,38,0,0.01171875,0.078125,51.75
38100,38,100,0.0234375,0.08203125,51.52
38200,38,200,0.0234375,0.07421875,51.52
38300,38,300,0.0234375,0.06640625,51.52
38400,38,400,0.025390625,0.080078125,50.94
38500,38,500,0.0234375,0.072265625,50.94
38600,38,600,0.009765625,0.0703125,50.11
38700,38,700,0.03125,0.08203125,49.93
38800,38,800,0.03515625,0.07421875,49.93
38900,38,900,0.021484375,0.072265625,49.93
39000,39,0,0.029296875,0.08203125,49.93
39100,39,100,0.029296875,0.080078125,49.93
39200,39,200,0.025390625,0.078125,49.93
39300,39,300,0.076171875,0.134765625,50.6
39400,39,400,0.1171875,0.091796875,50.6
39500,39,500,0.029296875,0.0703125,50.6
39600,39,600,0.015625,0.08203125,50.78
39700,39,700,0.08203125,0.13671875,50.78
39800,39,800,0.017578125,0.142578125,50.78
39900,39,900,0.09765625,0.068359375,50.78
